Room Type,Date,Rate,Reason,Demand Tier,Rate Multiplier,Source Status,Review / Reprice Date,Source Version
double,2027-01-01,1148,Demand Calendar peak (PROJECTED),peak,1.35,PROJECTED,2026-09-03,1.0.0
twin,2027-01-01,1013,Demand Calendar peak (PROJECTED),peak,1.35,PROJECTED,2026-09-03,1.0.0
double,2027-01-02,1148,Demand Calendar peak (PROJECTED),peak,1.35,PROJECTED,2026-09-03,1.0.0
twin,2027-01-02,1013,Demand Calendar peak (PROJECTED),peak,1.35,PROJECTED,2026-09-03,1.0.0
double,2027-01-03,977,Demand Calendar high (PROJECTED),high,1.15,PROJECTED,2026-09-03,1.0.0
twin,2027-01-03,862,Demand Calendar high (PROJECTED),high,1.15,PROJECTED,2026-09-03,1.0.0
double,2027-01-09,977,Demand Calendar high (PROJECTED),high,1.15,PROJECTED,2026-12-10,1.0.0
twin,2027-01-09,862,Demand Calendar high (PROJECTED),high,1.15,PROJECTED,2026-12-10,1.0.0
double,2027-01-16,977,Demand Calendar high (PROJECTED),high,1.15,PROJECTED,2026-12-17,1.0.0
twin,2027-01-16,862,Demand Calendar high (PROJECTED),high,1.15,PROJECTED,2026-12-17,1.0.0
double,2027-01-23,977,Demand Calendar high (PROJECTED),high,1.15,PROJECTED,,1.0.0
twin,2027-01-23,862,Demand Calendar high (PROJECTED),high,1.15,PROJECTED,,1.0.0
double,2027-01-29,977,Demand Calendar high (PROJECTED),high,1.15,PROJECTED,2026-10-31,1.0.0
twin,2027-01-29,862,Demand Calendar high (PROJECTED),high,1.15,PROJECTED,2026-10-31,1.0.0
double,2027-01-30,1148,Demand Calendar peak (PROJECTED),peak,1.35,PROJECTED,2026-10-31,1.0.0
twin,2027-01-30,1013,Demand Calendar peak (PROJECTED),peak,1.35,PROJECTED,2026-10-31,1.0.0
double,2027-01-31,1148,Demand Calendar peak (PROJECTED),peak,1.35,PROJECTED,2026-10-31,1.0.0
twin,2027-01-31,1013,Demand Calendar peak (PROJECTED),peak,1.35,PROJECTED,2026-10-31,1.0.0
double,2027-02-01,977,Demand Calendar high (PROJECTED),high,1.15,PROJECTED,2026-10-31,1.0.0
twin,2027-02-01,862,Demand Calendar high (PROJECTED),high,1.15,PROJECTED,2026-10-31,1.0.0
double,2027-02-02,977,Demand Calendar high (PROJECTED),high,1.15,PROJECTED,2026-11-19,1.0.0
twin,2027-02-02,862,Demand Calendar high (PROJECTED),high,1.15,PROJECTED,2026-11-19,1.0.0
double,2027-02-03,977,Demand Calendar high (PROJECTED),high,1.15,PROJECTED,2026-11-19,1.0.0
twin,2027-02-03,862,Demand Calendar high (PROJECTED),high,1.15,PROJECTED,2026-11-19,1.0.0
double,2027-02-04,977,Demand Calendar high (PROJECTED),high,1.15,PROJECTED,2026-11-19,1.0.0
twin,2027-02-04,862,Demand Calendar high (PROJECTED),high,1.15,PROJECTED,2026-11-19,1.0.0
double,2027-02-05,977,Demand Calendar high (PROJECTED),high,1.15,PROJECTED,2026-11-19,1.0.0
twin,2027-02-05,862,Demand Calendar high (PROJECTED),high,1.15,PROJECTED,2026-11-19,1.0.0
double,2027-02-06,977,Demand Calendar high (PROJECTED),high,1.15,PROJECTED,2026-11-19,1.0.0
twin,2027-02-06,862,Demand Calendar high (PROJECTED),high,1.15,PROJECTED,2026-11-19,1.0.0
double,2027-02-12,977,Demand Calendar high (PROJECTED),high,1.15,PROJECTED,2026-11-14,1.0.0
twin,2027-02-12,862,Demand Calendar high (PROJECTED),high,1.15,PROJECTED,2026-11-14,1.0.0
double,2027-02-13,1148,Demand Calendar peak (PROJECTED),peak,1.35,PROJECTED,2026-11-14,1.0.0
twin,2027-02-13,1013,Demand Calendar peak (PROJECTED),peak,1.35,PROJECTED,2026-11-14,1.0.0
double,2027-02-20,1360,Demand Calendar compression (PROJECTED),compression,1.6,PROJECTED,2026-10-23,1.0.0
twin,2027-02-20,1200,Demand Calendar compression (PROJECTED),compression,1.6,PROJECTED,2026-10-23,1.0.0
double,2027-02-21,1360,Demand Calendar compression (PROJECTED),compression,1.6,PROJECTED,2026-10-23,1.0.0
twin,2027-02-21,1200,Demand Calendar compression (PROJECTED),compression,1.6,PROJECTED,2026-10-23,1.0.0
double,2027-02-22,1148,Demand Calendar peak (PROJECTED),peak,1.35,PROJECTED,2026-10-23,1.0.0
twin,2027-02-22,1013,Demand Calendar peak (PROJECTED),peak,1.35,PROJECTED,2026-10-23,1.0.0
double,2027-02-26,977,Demand Calendar high (PROJECTED),high,1.15,PROJECTED,2027-01-12,1.0.0
twin,2027-02-26,862,Demand Calendar high (PROJECTED),high,1.15,PROJECTED,2027-01-12,1.0.0
double,2027-02-27,977,Demand Calendar high (PROJECTED),high,1.15,PROJECTED,2027-01-12,1.0.0
twin,2027-02-27,862,Demand Calendar high (PROJECTED),high,1.15,PROJECTED,2027-01-12,1.0.0
double,2027-02-28,977,Demand Calendar high (PROJECTED),high,1.15,PROJECTED,2027-01-12,1.0.0
twin,2027-02-28,862,Demand Calendar high (PROJECTED),high,1.15,PROJECTED,2027-01-12,1.0.0
double,2027-03-01,977,Demand Calendar high (PROJECTED),high,1.15,PROJECTED,2027-01-12,1.0.0
twin,2027-03-01,862,Demand Calendar high (PROJECTED),high,1.15,PROJECTED,2027-01-12,1.0.0
double,2027-03-05,977,Demand Calendar high (PROJECTED),high,1.15,PROJECTED,,1.0.0
twin,2027-03-05,862,Demand Calendar high (PROJECTED),high,1.15,PROJECTED,,1.0.0
double,2027-03-06,977,Demand Calendar high (PROJECTED),high,1.15,PROJECTED,,1.0.0
twin,2027-03-06,862,Demand Calendar high (PROJECTED),high,1.15,PROJECTED,,1.0.0
double,2027-03-07,977,Demand Calendar high (PROJECTED),high,1.15,PROJECTED,,1.0.0
twin,2027-03-07,862,Demand Calendar high (PROJECTED),high,1.15,PROJECTED,,1.0.0
double,2027-03-09,977,Demand Calendar high (PROJECTED),high,1.15,PROJECTED,2027-02-23,1.0.0
twin,2027-03-09,862,Demand Calendar high (PROJECTED),high,1.15,PROJECTED,2027-02-23,1.0.0
double,2027-03-10,977,Demand Calendar high (PROJECTED),high,1.15,PROJECTED,2027-02-23,1.0.0
twin,2027-03-10,862,Demand Calendar high (PROJECTED),high,1.15,PROJECTED,2027-02-23,1.0.0
double,2027-03-11,977,Demand Calendar high (PROJECTED),high,1.15,PROJECTED,2027-02-23,1.0.0
twin,2027-03-11,862,Demand Calendar high (PROJECTED),high,1.15,PROJECTED,2027-02-23,1.0.0
double,2027-03-12,1148,Demand Calendar peak (PROJECTED),peak,1.35,PROJECTED,2026-12-12,1.0.0
twin,2027-03-12,1013,Demand Calendar peak (PROJECTED),peak,1.35,PROJECTED,2026-12-12,1.0.0
double,2027-03-13,1148,Demand Calendar peak (PROJECTED),peak,1.35,PROJECTED,2026-12-12,1.0.0
twin,2027-03-13,1013,Demand Calendar peak (PROJECTED),peak,1.35,PROJECTED,2026-12-12,1.0.0
double,2027-03-14,1148,Demand Calendar peak (PROJECTED),peak,1.35,PROJECTED,2026-12-12,1.0.0
twin,2027-03-14,1013,Demand Calendar peak (PROJECTED),peak,1.35,PROJECTED,2026-12-12,1.0.0
double,2027-03-15,1148,Demand Calendar peak (PROJECTED),peak,1.35,PROJECTED,2026-12-12,1.0.0
twin,2027-03-15,1013,Demand Calendar peak (PROJECTED),peak,1.35,PROJECTED,2026-12-12,1.0.0
double,2027-03-19,977,Demand Calendar high (PROJECTED),high,1.15,PROJECTED,,1.0.0
twin,2027-03-19,862,Demand Calendar high (PROJECTED),high,1.15,PROJECTED,,1.0.0
double,2027-03-20,977,Demand Calendar high (PROJECTED),high,1.15,PROJECTED,,1.0.0
twin,2027-03-20,862,Demand Calendar high (PROJECTED),high,1.15,PROJECTED,,1.0.0
double,2027-03-21,977,Demand Calendar high (PROJECTED),high,1.15,PROJECTED,,1.0.0
twin,2027-03-21,862,Demand Calendar high (PROJECTED),high,1.15,PROJECTED,,1.0.0
double,2027-03-25,977,Demand Calendar high (PROJECTED),high,1.15,PROJECTED,2026-11-25,1.0.0
twin,2027-03-25,862,Demand Calendar high (PROJECTED),high,1.15,PROJECTED,2026-11-25,1.0.0
double,2027-03-26,1148,Demand Calendar peak (PROJECTED),peak,1.35,PROJECTED,2026-11-25,1.0.0
twin,2027-03-26,1013,Demand Calendar peak (PROJECTED),peak,1.35,PROJECTED,2026-11-25,1.0.0
double,2027-03-27,1360,Demand Calendar compression (PROJECTED),compression,1.6,PROJECTED,2026-11-25,1.0.0
twin,2027-03-27,1200,Demand Calendar compression (PROJECTED),compression,1.6,PROJECTED,2026-11-25,1.0.0
double,2027-03-28,1148,Demand Calendar peak (PROJECTED),peak,1.35,PROJECTED,2026-11-25,1.0.0
twin,2027-03-28,1013,Demand Calendar peak (PROJECTED),peak,1.35,PROJECTED,2026-11-25,1.0.0
double,2027-04-01,977,Demand Calendar high (PROJECTED),high,1.15,PROJECTED,,1.0.0
twin,2027-04-01,862,Demand Calendar high (PROJECTED),high,1.15,PROJECTED,,1.0.0
double,2027-04-02,977,Demand Calendar high (PROJECTED),high,1.15,PROJECTED,,1.0.0
twin,2027-04-02,862,Demand Calendar high (PROJECTED),high,1.15,PROJECTED,,1.0.0
double,2027-04-03,1148,Demand Calendar peak (PROJECTED),peak,1.35,PROJECTED,2027-02-17,1.0.0
twin,2027-04-03,1013,Demand Calendar peak (PROJECTED),peak,1.35,PROJECTED,2027-02-17,1.0.0
double,2027-04-04,977,Demand Calendar high (PROJECTED),high,1.15,PROJECTED,2027-02-17,1.0.0
twin,2027-04-04,862,Demand Calendar high (PROJECTED),high,1.15,PROJECTED,2027-02-17,1.0.0
double,2027-04-05,977,Demand Calendar high (PROJECTED),high,1.15,PROJECTED,,1.0.0
twin,2027-04-05,862,Demand Calendar high (PROJECTED),high,1.15,PROJECTED,,1.0.0
double,2027-04-06,977,Demand Calendar high (PROJECTED),high,1.15,PROJECTED,2027-02-20,1.0.0
twin,2027-04-06,862,Demand Calendar high (PROJECTED),high,1.15,PROJECTED,2027-02-20,1.0.0
double,2027-04-07,977,Demand Calendar high (PROJECTED),high,1.15,PROJECTED,,1.0.0
twin,2027-04-07,862,Demand Calendar high (PROJECTED),high,1.15,PROJECTED,,1.0.0
double,2027-04-08,977,Demand Calendar high (PROJECTED),high,1.15,PROJECTED,,1.0.0
twin,2027-04-08,862,Demand Calendar high (PROJECTED),high,1.15,PROJECTED,,1.0.0
double,2027-04-09,977,Demand Calendar high (PROJECTED),high,1.15,PROJECTED,,1.0.0
twin,2027-04-09,862,Demand Calendar high (PROJECTED),high,1.15,PROJECTED,,1.0.0
double,2027-04-10,977,Demand Calendar high (PROJECTED),high,1.15,PROJECTED,,1.0.0
twin,2027-04-10,862,Demand Calendar high (PROJECTED),high,1.15,PROJECTED,,1.0.0
double,2027-04-11,1360,Demand Calendar compression (PROJECTED),compression,1.6,PROJECTED,2026-11-12,1.0.0
twin,2027-04-11,1200,Demand Calendar compression (PROJECTED),compression,1.6,PROJECTED,2026-11-12,1.0.0
double,2027-04-12,1148,Demand Calendar peak (PROJECTED),peak,1.35,PROJECTED,2026-11-12,1.0.0
twin,2027-04-12,1013,Demand Calendar peak (PROJECTED),peak,1.35,PROJECTED,2026-11-12,1.0.0
double,2027-04-13,1360,Demand Calendar compression (PROJECTED),compression,1.6,PROJECTED,2026-11-12,1.0.0
twin,2027-04-13,1200,Demand Calendar compression (PROJECTED),compression,1.6,PROJECTED,2026-11-12,1.0.0
double,2027-04-14,1360,Demand Calendar compression (PROJECTED),compression,1.6,PROJECTED,2026-11-12,1.0.0
twin,2027-04-14,1200,Demand Calendar compression (PROJECTED),compression,1.6,PROJECTED,2026-11-12,1.0.0
double,2027-04-15,1148,Demand Calendar peak (PROJECTED),peak,1.35,PROJECTED,2026-11-12,1.0.0
twin,2027-04-15,1013,Demand Calendar peak (PROJECTED),peak,1.35,PROJECTED,2026-11-12,1.0.0
double,2027-04-16,977,Demand Calendar high (PROJECTED),high,1.15,PROJECTED,,1.0.0
twin,2027-04-16,862,Demand Calendar high (PROJECTED),high,1.15,PROJECTED,,1.0.0
double,2027-04-17,977,Demand Calendar high (PROJECTED),high,1.15,PROJECTED,,1.0.0
twin,2027-04-17,862,Demand Calendar high (PROJECTED),high,1.15,PROJECTED,,1.0.0
double,2027-04-18,977,Demand Calendar high (PROJECTED),high,1.15,PROJECTED,,1.0.0
twin,2027-04-18,862,Demand Calendar high (PROJECTED),high,1.15,PROJECTED,,1.0.0
double,2027-04-19,977,Demand Calendar high (PROJECTED),high,1.15,PROJECTED,,1.0.0
twin,2027-04-19,862,Demand Calendar high (PROJECTED),high,1.15,PROJECTED,,1.0.0
double,2027-04-20,977,Demand Calendar high (PROJECTED),high,1.15,PROJECTED,,1.0.0
twin,2027-04-20,862,Demand Calendar high (PROJECTED),high,1.15,PROJECTED,,1.0.0
double,2027-04-21,977,Demand Calendar high (PROJECTED),high,1.15,PROJECTED,,1.0.0
twin,2027-04-21,862,Demand Calendar high (PROJECTED),high,1.15,PROJECTED,,1.0.0
double,2027-04-22,977,Demand Calendar high (PROJECTED),high,1.15,PROJECTED,,1.0.0
twin,2027-04-22,862,Demand Calendar high (PROJECTED),high,1.15,PROJECTED,,1.0.0
double,2027-04-23,977,Demand Calendar high (PROJECTED),high,1.15,PROJECTED,,1.0.0
twin,2027-04-23,862,Demand Calendar high (PROJECTED),high,1.15,PROJECTED,,1.0.0
double,2027-04-24,977,Demand Calendar high (PROJECTED),high,1.15,PROJECTED,,1.0.0
twin,2027-04-24,862,Demand Calendar high (PROJECTED),high,1.15,PROJECTED,,1.0.0
double,2027-04-25,977,Demand Calendar high (PROJECTED),high,1.15,PROJECTED,,1.0.0
twin,2027-04-25,862,Demand Calendar high (PROJECTED),high,1.15,PROJECTED,,1.0.0
double,2027-04-26,977,Demand Calendar high (PROJECTED),high,1.15,PROJECTED,,1.0.0
twin,2027-04-26,862,Demand Calendar high (PROJECTED),high,1.15,PROJECTED,,1.0.0
double,2027-04-27,977,Demand Calendar high (PROJECTED),high,1.15,PROJECTED,,1.0.0
twin,2027-04-27,862,Demand Calendar high (PROJECTED),high,1.15,PROJECTED,,1.0.0
double,2027-04-28,977,Demand Calendar high (PROJECTED),high,1.15,PROJECTED,,1.0.0
twin,2027-04-28,862,Demand Calendar high (PROJECTED),high,1.15,PROJECTED,,1.0.0
double,2027-04-29,977,Demand Calendar high (PROJECTED),high,1.15,PROJECTED,,1.0.0
twin,2027-04-29,862,Demand Calendar high (PROJECTED),high,1.15,PROJECTED,,1.0.0
double,2027-04-30,977,Demand Calendar high (PROJECTED),high,1.15,PROJECTED,,1.0.0
twin,2027-04-30,862,Demand Calendar high (PROJECTED),high,1.15,PROJECTED,,1.0.0
double,2027-05-01,1148,Demand Calendar peak (PROJECTED),peak,1.35,PROJECTED,2027-01-31,1.0.0
twin,2027-05-01,1013,Demand Calendar peak (PROJECTED),peak,1.35,PROJECTED,2027-01-31,1.0.0
double,2027-05-02,977,Demand Calendar high (PROJECTED),high,1.15,PROJECTED,2027-01-31,1.0.0
twin,2027-05-02,862,Demand Calendar high (PROJECTED),high,1.15,PROJECTED,2027-01-31,1.0.0
double,2027-05-03,977,Demand Calendar high (PROJECTED),high,1.15,PROJECTED,2027-01-31,1.0.0
twin,2027-05-03,862,Demand Calendar high (PROJECTED),high,1.15,PROJECTED,2027-01-31,1.0.0
double,2027-05-04,977,Demand Calendar high (PROJECTED),high,1.15,PROJECTED,2027-01-31,1.0.0
twin,2027-05-04,862,Demand Calendar high (PROJECTED),high,1.15,PROJECTED,2027-01-31,1.0.0
double,2027-05-05,977,Demand Calendar high (PROJECTED),high,1.15,PROJECTED,2027-01-05,1.0.0
twin,2027-05-05,862,Demand Calendar high (PROJECTED),high,1.15,PROJECTED,2027-01-05,1.0.0
double,2027-05-06,977,Demand Calendar high (PROJECTED),high,1.15,PROJECTED,2027-01-05,1.0.0
twin,2027-05-06,862,Demand Calendar high (PROJECTED),high,1.15,PROJECTED,2027-01-05,1.0.0
double,2027-05-07,977,Demand Calendar high (PROJECTED),high,1.15,PROJECTED,2027-01-05,1.0.0
twin,2027-05-07,862,Demand Calendar high (PROJECTED),high,1.15,PROJECTED,2027-01-05,1.0.0
double,2027-05-08,977,Demand Calendar high (PROJECTED),high,1.15,PROJECTED,,1.0.0
twin,2027-05-08,862,Demand Calendar high (PROJECTED),high,1.15,PROJECTED,,1.0.0
double,2027-05-15,977,Demand Calendar high (PROJECTED),high,1.15,PROJECTED,,1.0.0
twin,2027-05-15,862,Demand Calendar high (PROJECTED),high,1.15,PROJECTED,,1.0.0
double,2027-05-19,977,Demand Calendar high (PROJECTED),high,1.15,PROJECTED,2027-02-18,1.0.0
twin,2027-05-19,862,Demand Calendar high (PROJECTED),high,1.15,PROJECTED,2027-02-18,1.0.0
double,2027-05-20,977,Demand Calendar high (PROJECTED),high,1.15,PROJECTED,2027-02-18,1.0.0
twin,2027-05-20,862,Demand Calendar high (PROJECTED),high,1.15,PROJECTED,2027-02-18,1.0.0
double,2027-05-22,977,Demand Calendar high (PROJECTED),high,1.15,PROJECTED,2027-05-01,1.0.0
twin,2027-05-22,862,Demand Calendar high (PROJECTED),high,1.15,PROJECTED,2027-05-01,1.0.0
double,2027-05-29,977,Demand Calendar high (PROJECTED),high,1.15,PROJECTED,2027-05-01,1.0.0
twin,2027-05-29,862,Demand Calendar high (PROJECTED),high,1.15,PROJECTED,2027-05-01,1.0.0
double,2027-06-01,977,Demand Calendar high (PROJECTED),high,1.15,PROJECTED,2027-02-01,1.0.0
twin,2027-06-01,862,Demand Calendar high (PROJECTED),high,1.15,PROJECTED,2027-02-01,1.0.0
double,2027-06-02,977,Demand Calendar high (PROJECTED),high,1.15,PROJECTED,2027-02-01,1.0.0
twin,2027-06-02,862,Demand Calendar high (PROJECTED),high,1.15,PROJECTED,2027-02-01,1.0.0
double,2027-06-03,1148,Demand Calendar peak (PROJECTED),peak,1.35,PROJECTED,2027-02-01,1.0.0
twin,2027-06-03,1013,Demand Calendar peak (PROJECTED),peak,1.35,PROJECTED,2027-02-01,1.0.0
double,2027-06-04,1148,Demand Calendar peak (PROJECTED),peak,1.35,PROJECTED,2027-02-01,1.0.0
twin,2027-06-04,1013,Demand Calendar peak (PROJECTED),peak,1.35,PROJECTED,2027-02-01,1.0.0
double,2027-06-05,1360,Demand Calendar compression (PROJECTED),compression,1.6,PROJECTED,2027-01-06,1.0.0
twin,2027-06-05,1200,Demand Calendar compression (PROJECTED),compression,1.6,PROJECTED,2027-01-06,1.0.0
double,2027-06-06,977,Demand Calendar high (PROJECTED),high,1.15,PROJECTED,2027-02-01,1.0.0
twin,2027-06-06,862,Demand Calendar high (PROJECTED),high,1.15,PROJECTED,2027-02-01,1.0.0
double,2027-06-12,977,Demand Calendar high (PROJECTED),high,1.15,PROJECTED,,1.0.0
twin,2027-06-12,862,Demand Calendar high (PROJECTED),high,1.15,PROJECTED,,1.0.0
double,2027-06-14,977,Demand Calendar high (PROJECTED),high,1.15,PROJECTED,2027-04-15,1.0.0
twin,2027-06-14,862,Demand Calendar high (PROJECTED),high,1.15,PROJECTED,2027-04-15,1.0.0
double,2027-06-15,977,Demand Calendar high (PROJECTED),high,1.15,PROJECTED,2027-04-15,1.0.0
twin,2027-06-15,862,Demand Calendar high (PROJECTED),high,1.15,PROJECTED,2027-04-15,1.0.0
double,2027-06-19,977,Demand Calendar high (PROJECTED),high,1.15,PROJECTED,,1.0.0
twin,2027-06-19,862,Demand Calendar high (PROJECTED),high,1.15,PROJECTED,,1.0.0
double,2027-06-26,977,Demand Calendar high (PROJECTED),high,1.15,PROJECTED,,1.0.0
twin,2027-06-26,862,Demand Calendar high (PROJECTED),high,1.15,PROJECTED,,1.0.0
double,2027-07-01,977,Demand Calendar high (PROJECTED),high,1.15,PROJECTED,2027-03-03,1.0.0
twin,2027-07-01,862,Demand Calendar high (PROJECTED),high,1.15,PROJECTED,2027-03-03,1.0.0
double,2027-07-02,1148,Demand Calendar peak (PROJECTED),peak,1.35,PROJECTED,2027-03-03,1.0.0
twin,2027-07-02,1013,Demand Calendar peak (PROJECTED),peak,1.35,PROJECTED,2027-03-03,1.0.0
double,2027-07-03,1148,Demand Calendar peak (PROJECTED),peak,1.35,PROJECTED,2027-03-03,1.0.0
twin,2027-07-03,1013,Demand Calendar peak (PROJECTED),peak,1.35,PROJECTED,2027-03-03,1.0.0
double,2027-07-04,1148,Demand Calendar peak (PROJECTED),peak,1.35,PROJECTED,2027-03-03,1.0.0
twin,2027-07-04,1013,Demand Calendar peak (PROJECTED),peak,1.35,PROJECTED,2027-03-03,1.0.0
double,2027-07-10,977,Demand Calendar high (PROJECTED),high,1.15,PROJECTED,,1.0.0
twin,2027-07-10,862,Demand Calendar high (PROJECTED),high,1.15,PROJECTED,,1.0.0
double,2027-07-16,977,Demand Calendar high (PROJECTED),high,1.15,PROJECTED,2027-04-17,1.0.0
twin,2027-07-16,862,Demand Calendar high (PROJECTED),high,1.15,PROJECTED,2027-04-17,1.0.0
double,2027-07-17,1360,Demand Calendar compression (PROJECTED),compression,1.6,PROJECTED,2027-04-17,1.0.0
twin,2027-07-17,1200,Demand Calendar compression (PROJECTED),compression,1.6,PROJECTED,2027-04-17,1.0.0
double,2027-07-18,1148,Demand Calendar peak (PROJECTED),peak,1.35,PROJECTED,2027-04-18,1.0.0
twin,2027-07-18,1013,Demand Calendar peak (PROJECTED),peak,1.35,PROJECTED,2027-04-18,1.0.0
double,2027-07-19,977,Demand Calendar high (PROJECTED),high,1.15,PROJECTED,2027-04-18,1.0.0
twin,2027-07-19,862,Demand Calendar high (PROJECTED),high,1.15,PROJECTED,2027-04-18,1.0.0
double,2027-07-20,977,Demand Calendar high (PROJECTED),high,1.15,PROJECTED,2027-04-18,1.0.0
twin,2027-07-20,862,Demand Calendar high (PROJECTED),high,1.15,PROJECTED,2027-04-18,1.0.0
double,2027-07-24,977,Demand Calendar high (PROJECTED),high,1.15,PROJECTED,2027-06-09,1.0.0
twin,2027-07-24,862,Demand Calendar high (PROJECTED),high,1.15,PROJECTED,2027-06-09,1.0.0
double,2027-07-25,977,Demand Calendar high (PROJECTED),high,1.15,PROJECTED,2027-06-09,1.0.0
twin,2027-07-25,862,Demand Calendar high (PROJECTED),high,1.15,PROJECTED,2027-06-09,1.0.0
double,2027-07-28,977,Demand Calendar high (PROJECTED),high,1.15,PROJECTED,2027-05-29,1.0.0
twin,2027-07-28,862,Demand Calendar high (PROJECTED),high,1.15,PROJECTED,2027-05-29,1.0.0
double,2027-07-31,977,Demand Calendar high (PROJECTED),high,1.15,PROJECTED,,1.0.0
twin,2027-07-31,862,Demand Calendar high (PROJECTED),high,1.15,PROJECTED,,1.0.0
double,2027-08-07,977,Demand Calendar high (PROJECTED),high,1.15,PROJECTED,,1.0.0
twin,2027-08-07,862,Demand Calendar high (PROJECTED),high,1.15,PROJECTED,,1.0.0
double,2027-08-12,977,Demand Calendar high (PROJECTED),high,1.15,PROJECTED,2027-06-13,1.0.0
twin,2027-08-12,862,Demand Calendar high (PROJECTED),high,1.15,PROJECTED,2027-06-13,1.0.0
double,2027-08-14,977,Demand Calendar high (PROJECTED),high,1.15,PROJECTED,,1.0.0
twin,2027-08-14,862,Demand Calendar high (PROJECTED),high,1.15,PROJECTED,,1.0.0
double,2027-08-21,977,Demand Calendar high (PROJECTED),high,1.15,PROJECTED,,1.0.0
twin,2027-08-21,862,Demand Calendar high (PROJECTED),high,1.15,PROJECTED,,1.0.0
double,2027-08-28,977,Demand Calendar high (PROJECTED),high,1.15,PROJECTED,,1.0.0
twin,2027-08-28,862,Demand Calendar high (PROJECTED),high,1.15,PROJECTED,,1.0.0
double,2027-09-01,977,Demand Calendar high (PROJECTED),high,1.15,PROJECTED,,1.0.0
twin,2027-09-01,862,Demand Calendar high (PROJECTED),high,1.15,PROJECTED,,1.0.0
double,2027-09-02,977,Demand Calendar high (PROJECTED),high,1.15,PROJECTED,,1.0.0
twin,2027-09-02,862,Demand Calendar high (PROJECTED),high,1.15,PROJECTED,,1.0.0
double,2027-09-03,977,Demand Calendar high (PROJECTED),high,1.15,PROJECTED,,1.0.0
twin,2027-09-03,862,Demand Calendar high (PROJECTED),high,1.15,PROJECTED,,1.0.0
double,2027-09-04,977,Demand Calendar high (PROJECTED),high,1.15,PROJECTED,,1.0.0
twin,2027-09-04,862,Demand Calendar high (PROJECTED),high,1.15,PROJECTED,,1.0.0
double,2027-09-05,977,Demand Calendar high (PROJECTED),high,1.15,PROJECTED,,1.0.0
twin,2027-09-05,862,Demand Calendar high (PROJECTED),high,1.15,PROJECTED,,1.0.0
double,2027-09-06,977,Demand Calendar high (PROJECTED),high,1.15,PROJECTED,,1.0.0
twin,2027-09-06,862,Demand Calendar high (PROJECTED),high,1.15,PROJECTED,,1.0.0
double,2027-09-07,1148,Demand Calendar peak (PROJECTED),peak,1.35,PROJECTED,2027-03-11,1.0.0
twin,2027-09-07,1013,Demand Calendar peak (PROJECTED),peak,1.35,PROJECTED,2027-03-11,1.0.0
double,2027-09-08,1148,Demand Calendar peak (PROJECTED),peak,1.35,PROJECTED,2027-03-11,1.0.0
twin,2027-09-08,1013,Demand Calendar peak (PROJECTED),peak,1.35,PROJECTED,2027-03-11,1.0.0
double,2027-09-09,1148,Demand Calendar peak (PROJECTED),peak,1.35,PROJECTED,2027-03-11,1.0.0
twin,2027-09-09,1013,Demand Calendar peak (PROJECTED),peak,1.35,PROJECTED,2027-03-11,1.0.0
double,2027-09-10,1148,Demand Calendar peak (PROJECTED),peak,1.35,PROJECTED,2027-03-11,1.0.0
twin,2027-09-10,1013,Demand Calendar peak (PROJECTED),peak,1.35,PROJECTED,2027-03-11,1.0.0
double,2027-09-11,1148,Demand Calendar peak (PROJECTED),peak,1.35,PROJECTED,2027-03-11,1.0.0
twin,2027-09-11,1013,Demand Calendar peak (PROJECTED),peak,1.35,PROJECTED,2027-03-11,1.0.0
double,2027-09-12,977,Demand Calendar high (PROJECTED),high,1.15,PROJECTED,,1.0.0
twin,2027-09-12,862,Demand Calendar high (PROJECTED),high,1.15,PROJECTED,,1.0.0
double,2027-09-13,977,Demand Calendar high (PROJECTED),high,1.15,PROJECTED,,1.0.0
twin,2027-09-13,862,Demand Calendar high (PROJECTED),high,1.15,PROJECTED,,1.0.0
double,2027-09-14,977,Demand Calendar high (PROJECTED),high,1.15,PROJECTED,,1.0.0
twin,2027-09-14,862,Demand Calendar high (PROJECTED),high,1.15,PROJECTED,,1.0.0
double,2027-09-15,977,Demand Calendar high (PROJECTED),high,1.15,PROJECTED,,1.0.0
twin,2027-09-15,862,Demand Calendar high (PROJECTED),high,1.15,PROJECTED,,1.0.0
double,2027-09-16,1148,Demand Calendar peak (PROJECTED),peak,1.35,PROJECTED,2027-03-20,1.0.0
twin,2027-09-16,1013,Demand Calendar peak (PROJECTED),peak,1.35,PROJECTED,2027-03-20,1.0.0
double,2027-09-17,1148,Demand Calendar peak (PROJECTED),peak,1.35,PROJECTED,2027-03-20,1.0.0
twin,2027-09-17,1013,Demand Calendar peak (PROJECTED),peak,1.35,PROJECTED,2027-03-20,1.0.0
double,2027-09-18,1148,Demand Calendar peak (PROJECTED),peak,1.35,PROJECTED,2027-03-20,1.0.0
twin,2027-09-18,1013,Demand Calendar peak (PROJECTED),peak,1.35,PROJECTED,2027-03-20,1.0.0
double,2027-09-19,1148,Demand Calendar peak (PROJECTED),peak,1.35,PROJECTED,2027-03-20,1.0.0
twin,2027-09-19,1013,Demand Calendar peak (PROJECTED),peak,1.35,PROJECTED,2027-03-20,1.0.0
double,2027-09-20,1148,Demand Calendar peak (PROJECTED),peak,1.35,PROJECTED,2027-03-20,1.0.0
twin,2027-09-20,1013,Demand Calendar peak (PROJECTED),peak,1.35,PROJECTED,2027-03-20,1.0.0
double,2027-09-21,1148,Demand Calendar peak (PROJECTED),peak,1.35,PROJECTED,2027-03-20,1.0.0
twin,2027-09-21,1013,Demand Calendar peak (PROJECTED),peak,1.35,PROJECTED,2027-03-20,1.0.0
double,2027-09-22,1360,Demand Calendar compression (PROJECTED),compression,1.6,PROJECTED,2027-03-20,1.0.0
twin,2027-09-22,1200,Demand Calendar compression (PROJECTED),compression,1.6,PROJECTED,2027-03-20,1.0.0
double,2027-09-23,1360,Demand Calendar compression (PROJECTED),compression,1.6,PROJECTED,2027-03-20,1.0.0
twin,2027-09-23,1200,Demand Calendar compression (PROJECTED),compression,1.6,PROJECTED,2027-03-20,1.0.0
double,2027-09-24,1360,Demand Calendar compression (PROJECTED),compression,1.6,PROJECTED,2027-03-20,1.0.0
twin,2027-09-24,1200,Demand Calendar compression (PROJECTED),compression,1.6,PROJECTED,2027-03-20,1.0.0
double,2027-09-25,1360,Demand Calendar compression (PROJECTED),compression,1.6,PROJECTED,2027-03-20,1.0.0
twin,2027-09-25,1200,Demand Calendar compression (PROJECTED),compression,1.6,PROJECTED,2027-03-20,1.0.0
double,2027-09-26,1360,Demand Calendar compression (PROJECTED),compression,1.6,PROJECTED,2027-03-20,1.0.0
twin,2027-09-26,1200,Demand Calendar compression (PROJECTED),compression,1.6,PROJECTED,2027-03-20,1.0.0
double,2027-09-27,1148,Demand Calendar peak (PROJECTED),peak,1.35,PROJECTED,2027-03-20,1.0.0
twin,2027-09-27,1013,Demand Calendar peak (PROJECTED),peak,1.35,PROJECTED,2027-03-20,1.0.0
double,2027-09-28,1148,Demand Calendar peak (PROJECTED),peak,1.35,PROJECTED,2027-03-20,1.0.0
twin,2027-09-28,1013,Demand Calendar peak (PROJECTED),peak,1.35,PROJECTED,2027-03-20,1.0.0
double,2027-09-29,1148,Demand Calendar peak (PROJECTED),peak,1.35,PROJECTED,2027-03-20,1.0.0
twin,2027-09-29,1013,Demand Calendar peak (PROJECTED),peak,1.35,PROJECTED,2027-03-20,1.0.0
double,2027-09-30,1148,Demand Calendar peak (PROJECTED),peak,1.35,PROJECTED,2027-03-20,1.0.0
twin,2027-09-30,1013,Demand Calendar peak (PROJECTED),peak,1.35,PROJECTED,2027-03-20,1.0.0
double,2027-10-13,977,Demand Calendar high (PROJECTED),high,1.15,PROJECTED,2027-08-29,1.0.0
twin,2027-10-13,862,Demand Calendar high (PROJECTED),high,1.15,PROJECTED,2027-08-29,1.0.0
double,2027-10-15,765,Demand Calendar low (PROJECTED),low,0.9,PROJECTED,2027-10-08,1.0.0
twin,2027-10-15,675,Demand Calendar low (PROJECTED),low,0.9,PROJECTED,2027-10-08,1.0.0
double,2027-10-17,765,Demand Calendar low (PROJECTED),low,0.9,PROJECTED,2027-10-08,1.0.0
twin,2027-10-17,675,Demand Calendar low (PROJECTED),low,0.9,PROJECTED,2027-10-08,1.0.0
double,2027-10-18,765,Demand Calendar low (PROJECTED),low,0.9,PROJECTED,2027-10-08,1.0.0
twin,2027-10-18,675,Demand Calendar low (PROJECTED),low,0.9,PROJECTED,2027-10-08,1.0.0
double,2027-10-19,765,Demand Calendar low (PROJECTED),low,0.9,PROJECTED,2027-10-08,1.0.0
twin,2027-10-19,675,Demand Calendar low (PROJECTED),low,0.9,PROJECTED,2027-10-08,1.0.0
double,2027-10-20,765,Demand Calendar low (PROJECTED),low,0.9,PROJECTED,2027-10-08,1.0.0
twin,2027-10-20,675,Demand Calendar low (PROJECTED),low,0.9,PROJECTED,2027-10-08,1.0.0
double,2027-10-21,765,Demand Calendar low (PROJECTED),low,0.9,PROJECTED,2027-10-08,1.0.0
twin,2027-10-21,675,Demand Calendar low (PROJECTED),low,0.9,PROJECTED,2027-10-08,1.0.0
double,2027-10-22,765,Demand Calendar low (PROJECTED),low,0.9,PROJECTED,2027-10-08,1.0.0
twin,2027-10-22,675,Demand Calendar low (PROJECTED),low,0.9,PROJECTED,2027-10-08,1.0.0
double,2027-10-23,1148,Demand Calendar peak (PROJECTED),peak,1.35,PROJECTED,2027-08-09,1.0.0
twin,2027-10-23,1013,Demand Calendar peak (PROJECTED),peak,1.35,PROJECTED,2027-08-09,1.0.0
double,2027-10-24,977,Demand Calendar high (PROJECTED),high,1.15,PROJECTED,2027-08-09,1.0.0
twin,2027-10-24,862,Demand Calendar high (PROJECTED),high,1.15,PROJECTED,2027-08-09,1.0.0
double,2027-10-25,977,Demand Calendar high (PROJECTED),high,1.15,PROJECTED,2027-08-09,1.0.0
twin,2027-10-25,862,Demand Calendar high (PROJECTED),high,1.15,PROJECTED,2027-08-09,1.0.0
double,2027-10-26,765,Demand Calendar low (PROJECTED),low,0.9,PROJECTED,2027-10-08,1.0.0
twin,2027-10-26,675,Demand Calendar low (PROJECTED),low,0.9,PROJECTED,2027-10-08,1.0.0
double,2027-10-27,765,Demand Calendar low (PROJECTED),low,0.9,PROJECTED,2027-10-08,1.0.0
twin,2027-10-27,675,Demand Calendar low (PROJECTED),low,0.9,PROJECTED,2027-10-08,1.0.0
double,2027-10-28,765,Demand Calendar low (PROJECTED),low,0.9,PROJECTED,2027-10-08,1.0.0
twin,2027-10-28,675,Demand Calendar low (PROJECTED),low,0.9,PROJECTED,2027-10-08,1.0.0
double,2027-10-29,765,Demand Calendar low (PROJECTED),low,0.9,PROJECTED,2027-10-08,1.0.0
twin,2027-10-29,675,Demand Calendar low (PROJECTED),low,0.9,PROJECTED,2027-10-08,1.0.0
double,2027-10-31,765,Demand Calendar low (PROJECTED),low,0.9,PROJECTED,2027-10-08,1.0.0
twin,2027-10-31,675,Demand Calendar low (PROJECTED),low,0.9,PROJECTED,2027-10-08,1.0.0
double,2027-11-01,765,Demand Calendar low (PROJECTED),low,0.9,PROJECTED,2027-10-08,1.0.0
twin,2027-11-01,675,Demand Calendar low (PROJECTED),low,0.9,PROJECTED,2027-10-08,1.0.0
double,2027-11-02,765,Demand Calendar low (PROJECTED),low,0.9,PROJECTED,2027-10-08,1.0.0
twin,2027-11-02,675,Demand Calendar low (PROJECTED),low,0.9,PROJECTED,2027-10-08,1.0.0
double,2027-11-03,765,Demand Calendar low (PROJECTED),low,0.9,PROJECTED,2027-10-08,1.0.0
twin,2027-11-03,675,Demand Calendar low (PROJECTED),low,0.9,PROJECTED,2027-10-08,1.0.0
double,2027-11-04,765,Demand Calendar low (PROJECTED),low,0.9,PROJECTED,2027-10-08,1.0.0
twin,2027-11-04,675,Demand Calendar low (PROJECTED),low,0.9,PROJECTED,2027-10-08,1.0.0
double,2027-11-05,765,Demand Calendar low (PROJECTED),low,0.9,PROJECTED,2027-10-08,1.0.0
twin,2027-11-05,675,Demand Calendar low (PROJECTED),low,0.9,PROJECTED,2027-10-08,1.0.0
double,2027-11-06,765,Demand Calendar low (PROJECTED),low,0.9,PROJECTED,2027-10-08,1.0.0
twin,2027-11-06,675,Demand Calendar low (PROJECTED),low,0.9,PROJECTED,2027-10-08,1.0.0
double,2027-11-07,765,Demand Calendar low (PROJECTED),low,0.9,PROJECTED,2027-10-08,1.0.0
twin,2027-11-07,675,Demand Calendar low (PROJECTED),low,0.9,PROJECTED,2027-10-08,1.0.0
double,2027-11-08,765,Demand Calendar low (PROJECTED),low,0.9,PROJECTED,2027-10-08,1.0.0
twin,2027-11-08,675,Demand Calendar low (PROJECTED),low,0.9,PROJECTED,2027-10-08,1.0.0
double,2027-11-09,765,Demand Calendar low (PROJECTED),low,0.9,PROJECTED,2027-10-08,1.0.0
twin,2027-11-09,675,Demand Calendar low (PROJECTED),low,0.9,PROJECTED,2027-10-08,1.0.0
double,2027-11-10,765,Demand Calendar low (PROJECTED),low,0.9,PROJECTED,2027-10-08,1.0.0
twin,2027-11-10,675,Demand Calendar low (PROJECTED),low,0.9,PROJECTED,2027-10-08,1.0.0
double,2027-11-11,765,Demand Calendar low (PROJECTED),low,0.9,PROJECTED,2027-10-08,1.0.0
twin,2027-11-11,675,Demand Calendar low (PROJECTED),low,0.9,PROJECTED,2027-10-08,1.0.0
double,2027-11-12,765,Demand Calendar low (PROJECTED),low,0.9,PROJECTED,2027-10-08,1.0.0
twin,2027-11-12,675,Demand Calendar low (PROJECTED),low,0.9,PROJECTED,2027-10-08,1.0.0
double,2027-11-13,765,Demand Calendar low (PROJECTED),low,0.9,PROJECTED,2027-10-08,1.0.0
twin,2027-11-13,675,Demand Calendar low (PROJECTED),low,0.9,PROJECTED,2027-10-08,1.0.0
double,2027-11-14,977,Demand Calendar high (PROJECTED),high,1.15,PROJECTED,2027-09-30,1.0.0
twin,2027-11-14,862,Demand Calendar high (PROJECTED),high,1.15,PROJECTED,2027-09-30,1.0.0
double,2027-11-15,765,Demand Calendar low (PROJECTED),low,0.9,PROJECTED,2027-10-08,1.0.0
twin,2027-11-15,675,Demand Calendar low (PROJECTED),low,0.9,PROJECTED,2027-10-08,1.0.0
double,2027-11-16,765,Demand Calendar low (PROJECTED),low,0.9,PROJECTED,2027-10-08,1.0.0
twin,2027-11-16,675,Demand Calendar low (PROJECTED),low,0.9,PROJECTED,2027-10-08,1.0.0
double,2027-11-22,765,Demand Calendar low (PROJECTED),low,0.9,PROJECTED,2027-10-08,1.0.0
twin,2027-11-22,675,Demand Calendar low (PROJECTED),low,0.9,PROJECTED,2027-10-08,1.0.0
double,2027-11-23,765,Demand Calendar low (PROJECTED),low,0.9,PROJECTED,2027-10-08,1.0.0
twin,2027-11-23,675,Demand Calendar low (PROJECTED),low,0.9,PROJECTED,2027-10-08,1.0.0
double,2027-11-24,765,Demand Calendar low (PROJECTED),low,0.9,PROJECTED,2027-10-08,1.0.0
twin,2027-11-24,675,Demand Calendar low (PROJECTED),low,0.9,PROJECTED,2027-10-08,1.0.0
double,2027-11-25,765,Demand Calendar low (PROJECTED),low,0.9,PROJECTED,2027-10-08,1.0.0
twin,2027-11-25,675,Demand Calendar low (PROJECTED),low,0.9,PROJECTED,2027-10-08,1.0.0
double,2027-11-26,765,Demand Calendar low (PROJECTED),low,0.9,PROJECTED,2027-10-08,1.0.0
twin,2027-11-26,675,Demand Calendar low (PROJECTED),low,0.9,PROJECTED,2027-10-08,1.0.0
double,2027-11-27,765,Demand Calendar low (PROJECTED),low,0.9,PROJECTED,2027-10-08,1.0.0
twin,2027-11-27,675,Demand Calendar low (PROJECTED),low,0.9,PROJECTED,2027-10-08,1.0.0
double,2027-11-28,765,Demand Calendar low (PROJECTED),low,0.9,PROJECTED,2027-10-08,1.0.0
twin,2027-11-28,675,Demand Calendar low (PROJECTED),low,0.9,PROJECTED,2027-10-08,1.0.0
double,2027-11-29,765,Demand Calendar low (PROJECTED),low,0.9,PROJECTED,2027-10-08,1.0.0
twin,2027-11-29,675,Demand Calendar low (PROJECTED),low,0.9,PROJECTED,2027-10-08,1.0.0
double,2027-11-30,765,Demand Calendar low (PROJECTED),low,0.9,PROJECTED,2027-10-08,1.0.0
twin,2027-11-30,675,Demand Calendar low (PROJECTED),low,0.9,PROJECTED,2027-10-08,1.0.0
double,2027-12-01,765,Demand Calendar low (PROJECTED),low,0.9,PROJECTED,2027-10-08,1.0.0
twin,2027-12-01,675,Demand Calendar low (PROJECTED),low,0.9,PROJECTED,2027-10-08,1.0.0
double,2027-12-02,765,Demand Calendar low (PROJECTED),low,0.9,PROJECTED,2027-10-08,1.0.0
twin,2027-12-02,675,Demand Calendar low (PROJECTED),low,0.9,PROJECTED,2027-10-08,1.0.0
double,2027-12-03,765,Demand Calendar low (PROJECTED),low,0.9,PROJECTED,2027-10-08,1.0.0
twin,2027-12-03,675,Demand Calendar low (PROJECTED),low,0.9,PROJECTED,2027-10-08,1.0.0
double,2027-12-04,977,Demand Calendar high (PROJECTED),high,1.15,PROJECTED,2027-09-05,1.0.0
twin,2027-12-04,862,Demand Calendar high (PROJECTED),high,1.15,PROJECTED,2027-09-05,1.0.0
double,2027-12-05,977,Demand Calendar high (PROJECTED),high,1.15,PROJECTED,2027-09-05,1.0.0
twin,2027-12-05,862,Demand Calendar high (PROJECTED),high,1.15,PROJECTED,2027-09-05,1.0.0
double,2027-12-06,977,Demand Calendar high (PROJECTED),high,1.15,PROJECTED,2027-09-05,1.0.0
twin,2027-12-06,862,Demand Calendar high (PROJECTED),high,1.15,PROJECTED,2027-09-05,1.0.0
double,2027-12-07,765,Demand Calendar low (PROJECTED),low,0.9,PROJECTED,2027-10-08,1.0.0
twin,2027-12-07,675,Demand Calendar low (PROJECTED),low,0.9,PROJECTED,2027-10-08,1.0.0
double,2027-12-08,765,Demand Calendar low (PROJECTED),low,0.9,PROJECTED,2027-10-08,1.0.0
twin,2027-12-08,675,Demand Calendar low (PROJECTED),low,0.9,PROJECTED,2027-10-08,1.0.0
double,2027-12-09,765,Demand Calendar low (PROJECTED),low,0.9,PROJECTED,2027-10-08,1.0.0
twin,2027-12-09,675,Demand Calendar low (PROJECTED),low,0.9,PROJECTED,2027-10-08,1.0.0
double,2027-12-10,977,Demand Calendar high (PROJECTED),high,1.15,PROJECTED,2027-09-26,1.0.0
twin,2027-12-10,862,Demand Calendar high (PROJECTED),high,1.15,PROJECTED,2027-09-26,1.0.0
double,2027-12-11,1148,Demand Calendar peak (PROJECTED),peak,1.35,PROJECTED,2027-09-26,1.0.0
twin,2027-12-11,1013,Demand Calendar peak (PROJECTED),peak,1.35,PROJECTED,2027-09-26,1.0.0
double,2027-12-12,977,Demand Calendar high (PROJECTED),high,1.15,PROJECTED,2027-09-26,1.0.0
twin,2027-12-12,862,Demand Calendar high (PROJECTED),high,1.15,PROJECTED,2027-09-26,1.0.0
double,2027-12-24,977,Demand Calendar high (PROJECTED),high,1.15,PROJECTED,2027-10-10,1.0.0
twin,2027-12-24,862,Demand Calendar high (PROJECTED),high,1.15,PROJECTED,2027-10-10,1.0.0
double,2027-12-25,977,Demand Calendar high (PROJECTED),high,1.15,PROJECTED,2027-10-10,1.0.0
twin,2027-12-25,862,Demand Calendar high (PROJECTED),high,1.15,PROJECTED,2027-10-10,1.0.0
double,2027-12-26,977,Demand Calendar high (PROJECTED),high,1.15,PROJECTED,2027-10-10,1.0.0
twin,2027-12-26,862,Demand Calendar high (PROJECTED),high,1.15,PROJECTED,2027-10-10,1.0.0
double,2027-12-29,1148,Demand Calendar peak (PROJECTED),peak,1.35,PROJECTED,2027-08-01,1.0.0
twin,2027-12-29,1013,Demand Calendar peak (PROJECTED),peak,1.35,PROJECTED,2027-08-01,1.0.0
double,2027-12-30,1148,Demand Calendar peak (PROJECTED),peak,1.35,PROJECTED,2027-08-01,1.0.0
twin,2027-12-30,1013,Demand Calendar peak (PROJECTED),peak,1.35,PROJECTED,2027-08-01,1.0.0
double,2027-12-31,1360,Demand Calendar compression (PROJECTED),compression,1.6,PROJECTED,2027-08-01,1.0.0
twin,2027-12-31,1200,Demand Calendar compression (PROJECTED),compression,1.6,PROJECTED,2027-08-01,1.0.0
